event-id,visible,timestamp,location-long,location-lat,gps:hdop,height-above-ellipsoid,lotek:eres,sensor-type,individual-taxon-canonical-name,tag-local-identifier,individual-local-identifier,study-name
33444752813,true,2020-08-15 22:00:05.000,101.58835,37.01948,1.2,2501.78,0.8,"gps","Luscinia calliope","49989","49989","Siberian rubythroat tracking from Qinghai, China"
33444752814,true,2020-08-20 22:00:11.000,101.5884,37.01958,1.1,2495.68,2.2,"gps","Luscinia calliope","49989","49989","Siberian rubythroat tracking from Qinghai, China"
33444752815,true,2020-08-25 22:00:04.000,101.58831,37.01958,1.3,2494.99,0.9,"gps","Luscinia calliope","49989","49989","Siberian rubythroat tracking from Qinghai, China"
33444752816,true,2020-08-30 22:00:05.000,101.58837,37.01958,1.4,2496.39,1.0,"gps","Luscinia calliope","49989","49989","Siberian rubythroat tracking from Qinghai, China"
33444752817,true,2020-09-04 22:00:04.000,101.58836,37.01958,1.1,2492.55,1.3,"gps","Luscinia calliope","49989","49989","Siberian rubythroat tracking from Qinghai, China"
33444752818,true,2020-09-09 22:00:04.000,101.58839,37.01957,1.1,2494.26,0.6,"gps","Luscinia calliope","49989","49989","Siberian rubythroat tracking from Qinghai, China"
33444752819,true,2020-09-14 22:00:06.000,101.58831,37.01954,1.5,2495.07,0.7,"gps","Luscinia calliope","49989","49989","Siberian rubythroat tracking from Qinghai, China"
33444752820,true,2020-09-17 22:00:07.000,101.58839,37.01956,1.9,2496.75,0.8,"gps","Luscinia calliope","49989","49989","Siberian rubythroat tracking from Qinghai, China"
33444752821,true,2020-09-20 22:00:06.000,101.58826,37.01954,1.3,2480.4,1.6,"gps","Luscinia calliope","49989","49989","Siberian rubythroat tracking from Qinghai, China"
33444752822,true,2020-09-23 22:00:10.000,101.58734,37.01793,1.3,2485.9,1.1,"gps","Luscinia calliope","49989","49989","Siberian rubythroat tracking from Qinghai, China"
33444752823,true,2020-09-26 22:00:06.000,101.58727,37.01782,1.1,2494.19,3.4,"gps","Luscinia calliope","49989","49989","Siberian rubythroat tracking from Qinghai, China"
33444752824,true,2020-09-29 22:00:07.000,101.58727,37.01781,2.2,2496.03,1.8,"gps","Luscinia calliope","49989","49989","Siberian rubythroat tracking from Qinghai, China"
33444752825,true,2020-10-02 22:00:11.000,101.58732,37.01791,2.7,2495.36,1.1,"gps","Luscinia calliope","49989","49989","Siberian rubythroat tracking from Qinghai, China"
33444752826,true,2020-10-05 22:00:07.000,101.5872,37.01765,2.0,2494.79,0.7,"gps","Luscinia calliope","49989","49989","Siberian rubythroat tracking from Qinghai, China"
33444752827,true,2020-10-08 22:00:06.000,105.18382,34.70054,2.0,1746.76,0.7,"gps","Luscinia calliope","49989","49989","Siberian rubythroat tracking from Qinghai, China"
33444752828,true,2020-10-11 22:00:06.000,106.40715,34.76415,3.3,1839.59,1.1,"gps","Luscinia calliope","49989","49989","Siberian rubythroat tracking from Qinghai, China"
33444752829,true,2020-10-14 22:00:11.000,106.40758,34.76412,8.0,1838.84,1.8,"gps","Luscinia calliope","49989","49989","Siberian rubythroat tracking from Qinghai, China"
33444752830,true,2020-10-17 22:00:08.000,110.77365,31.93214,1.2,1713.14,3.1,"gps","Luscinia calliope","49989","49989","Siberian rubythroat tracking from Qinghai, China"
33444752831,true,2020-10-20 22:00:04.000,111.24399,28.27316,1.8,799.0,1.1,"gps","Luscinia calliope","49989","49989","Siberian rubythroat tracking from Qinghai, China"
33444752832,true,2020-10-25 23:00:08.000,,,,,,"gps","Luscinia calliope","49989","49989","Siberian rubythroat tracking from Qinghai, China"
33444752833,true,2020-10-30 23:00:10.000,110.16835,27.65352,4.7,507.09,2.5,"gps","Luscinia calliope","49989","49989","Siberian rubythroat tracking from Qinghai, China"
33444752834,true,2020-11-04 23:00:11.000,110.1681,27.65344,2.8,507.09,0.2,"gps","Luscinia calliope","49989","49989","Siberian rubythroat tracking from Qinghai, China"
33444752835,true,2020-11-09 23:00:11.000,110.16825,27.6535,3.5,505.24,1.4,"gps","Luscinia calliope","49989","49989","Siberian rubythroat tracking from Qinghai, China"
33444752836,true,2020-11-14 23:00:11.000,102.59747,17.06119,1.5,222.49,1.0,"gps","Luscinia calliope","49989","49989","Siberian rubythroat tracking from Qinghai, China"
33444752837,true,2020-12-14 23:00:11.000,100.03928,15.91944,2.3,7300.17,0.0,"gps","Luscinia calliope","49989","49989","Siberian rubythroat tracking from Qinghai, China"
33444752838,true,2021-01-12 23:00:07.000,99.94966,15.83165,1.0,-8.89,1.2,"gps","Luscinia calliope","49989","49989","Siberian rubythroat tracking from Qinghai, China"
33444752839,true,2021-02-10 23:00:04.000,99.88135,15.41316,1.5,11.97,2.7,"gps","Luscinia calliope","49989","49989","Siberian rubythroat tracking from Qinghai, China"
33444752840,true,2021-03-11 23:00:07.000,,,,,,"gps","Luscinia calliope","49989","49989","Siberian rubythroat tracking from Qinghai, China"
33444752841,true,2020-08-15 22:00:06.000,101.73183,36.99457,2.6,2665.83,0.6,"gps","Luscinia calliope","49994","49994","Siberian rubythroat tracking from Qinghai, China"
33444752842,true,2020-08-20 22:00:10.000,105.34296,34.43095,2.2,1702.16,1.4,"gps","Luscinia calliope","49994","49994","Siberian rubythroat tracking from Qinghai, China"
33444752843,true,2020-08-25 22:00:09.000,105.3429,34.43085,1.6,1787.79,1.0,"gps","Luscinia calliope","49994","49994","Siberian rubythroat tracking from Qinghai, China"
33444752844,true,2020-08-30 22:00:04.000,105.34278,34.43082,1.1,1811.03,1.5,"gps","Luscinia calliope","49994","49994","Siberian rubythroat tracking from Qinghai, China"
33444752845,true,2020-09-04 22:00:06.000,105.34298,34.43095,2.6,1814.22,2.6,"gps","Luscinia calliope","49994","49994","Siberian rubythroat tracking from Qinghai, China"
33444752846,true,2020-09-09 22:00:07.000,105.34341,34.43063,1.3,1812.52,0.8,"gps","Luscinia calliope","49994","49994","Siberian rubythroat tracking from Qinghai, China"
33444752847,true,2020-09-14 22:00:10.000,105.34355,34.43062,2.5,1807.42,1.3,"gps","Luscinia calliope","49994","49994","Siberian rubythroat tracking from Qinghai, China"
33444752848,true,2020-09-17 22:00:11.000,105.34344,34.43066,1.7,1807.42,0.2,"gps","Luscinia calliope","49994","49994","Siberian rubythroat tracking from Qinghai, China"
33444752849,true,2020-09-20 22:00:11.000,105.34354,34.43062,1.8,1807.42,0.4,"gps","Luscinia calliope","49994","49994","Siberian rubythroat tracking from Qinghai, China"
33444752850,true,2020-09-23 22:00:05.000,105.34336,34.43077,2.4,1786.48,0.8,"gps","Luscinia calliope","49994","49994","Siberian rubythroat tracking from Qinghai, China"
33444752851,true,2020-09-26 22:00:09.000,105.34348,34.43068,1.2,1784.73,4.3,"gps","Luscinia calliope","49994","49994","Siberian rubythroat tracking from Qinghai, China"
33444752852,true,2020-09-29 22:00:07.000,105.34347,34.4306,1.1,1877.81,3.9,"gps","Luscinia calliope","49994","49994","Siberian rubythroat tracking from Qinghai, China"
33444752853,true,2020-10-02 22:00:07.000,105.3434,34.43066,1.5,1795.34,1.5,"gps","Luscinia calliope","49994","49994","Siberian rubythroat tracking from Qinghai, China"
33444752854,true,2020-10-05 22:00:11.000,105.34354,34.43077,2.5,1796.0,1.8,"gps","Luscinia calliope","49994","49994","Siberian rubythroat tracking from Qinghai, China"
33444752855,true,2020-10-08 22:00:11.000,105.34324,34.4305,2.8,1796.0,0.0,"gps","Luscinia calliope","49994","49994","Siberian rubythroat tracking from Qinghai, China"
33444752856,true,2020-10-11 22:00:11.000,105.3436,34.43055,8.0,1796.0,0.0,"gps","Luscinia calliope","49994","49994","Siberian rubythroat tracking from Qinghai, China"
33444752857,true,2020-10-14 22:00:10.000,105.34327,34.43063,3.4,1775.44,1.8,"gps","Luscinia calliope","49994","49994","Siberian rubythroat tracking from Qinghai, China"
33444752858,true,2020-10-17 22:00:08.000,105.34595,34.42842,32.4,1775.45,0.1,"gps","Luscinia calliope","49994","49994","Siberian rubythroat tracking from Qinghai, China"
33444752859,true,2020-10-20 22:00:07.000,110.58793,28.88933,1.2,965.88,1.0,"gps","Luscinia calliope","49994","49994","Siberian rubythroat tracking from Qinghai, China"
33444752860,true,2020-10-25 23:00:11.000,108.40348,27.05045,8.5,7748.09,0.0,"gps","Luscinia calliope","49994","49994","Siberian rubythroat tracking from Qinghai, China"
33444752861,true,2020-10-30 23:00:10.000,108.31977,27.01675,1.7,663.32,1.8,"gps","Luscinia calliope","49994","49994","Siberian rubythroat tracking from Qinghai, China"
33444752862,true,2020-11-04 23:00:06.000,108.31945,27.01658,1.5,653.26,0.8,"gps","Luscinia calliope","49994","49994","Siberian rubythroat tracking from Qinghai, China"
33444752863,true,2020-11-09 23:00:11.000,108.3198,27.01678,1.7,652.36,1.0,"gps","Luscinia calliope","49994","49994","Siberian rubythroat tracking from Qinghai, China"
33444752864,true,2020-11-14 23:00:11.000,108.31951,27.01642,1.9,640.81,1.5,"gps","Luscinia calliope","49994","49994","Siberian rubythroat tracking from Qinghai, China"
33444752865,true,2020-12-14 23:00:04.000,99.54749,13.84026,1.3,18.21,1.4,"gps","Luscinia calliope","49994","49994","Siberian rubythroat tracking from Qinghai, China"
33444752866,true,2021-01-12 23:00:06.000,99.54822,13.84127,1.2,14.23,0.7,"gps","Luscinia calliope","49994","49994","Siberian rubythroat tracking from Qinghai, China"
33444752867,true,2021-02-10 23:00:04.000,99.54717,13.84145,1.0,10.51,1.0,"gps","Luscinia calliope","49994","49994","Siberian rubythroat tracking from Qinghai, China"
33444752868,true,2021-03-11 23:00:04.000,99.54225,13.84011,1.2,16.52,1.1,"gps","Luscinia calliope","49994","49994","Siberian rubythroat tracking from Qinghai, China"
33444752869,true,2021-03-25 23:00:05.000,99.54207,13.8401,1.8,9.48,0.8,"gps","Luscinia calliope","49994","49994","Siberian rubythroat tracking from Qinghai, China"
33444752870,true,2021-04-01 23:00:06.000,99.54198,13.84065,1.0,19.56,1.5,"gps","Luscinia calliope","49994","49994","Siberian rubythroat tracking from Qinghai, China"
33444752871,true,2021-04-05 23:00:04.000,99.54224,13.8405,1.1,12.13,1.1,"gps","Luscinia calliope","49994","49994","Siberian rubythroat tracking from Qinghai, China"
33444752872,true,2021-04-10 23:00:05.000,,,,,,"gps","Luscinia calliope","49994","49994","Siberian rubythroat tracking from Qinghai, China"
33444752873,true,2020-08-15 22:00:11.000,101.7465,37.01001,19.5,2486.56,0.0,"gps","Luscinia calliope","49995","49995","Siberian rubythroat tracking from Qinghai, China"
33444752874,true,2020-08-20 22:00:10.000,101.74579,37.01387,2.6,2553.81,1.8,"gps","Luscinia calliope","49995","49995","Siberian rubythroat tracking from Qinghai, China"
33444752875,true,2020-08-25 22:00:10.000,101.74513,37.01374,2.1,2562.19,1.2,"gps","Luscinia calliope","49995","49995","Siberian rubythroat tracking from Qinghai, China"
33444752876,true,2020-08-30 22:00:11.000,101.74569,37.01382,1.9,2558.3,1.3,"gps","Luscinia calliope","49995","49995","Siberian rubythroat tracking from Qinghai, China"
33444752877,true,2020-09-04 22:00:11.000,101.74566,37.01383,2.5,2558.3,0.2,"gps","Luscinia calliope","49995","49995","Siberian rubythroat tracking from Qinghai, China"
33444752878,true,2020-09-09 22:00:10.000,101.7457,37.01385,1.9,2557.86,0.8,"gps","Luscinia calliope","49995","49995","Siberian rubythroat tracking from Qinghai, China"
33444752879,true,2020-09-14 22:00:05.000,101.74529,37.01404,1.6,2559.41,0.7,"gps","Luscinia calliope","49995","49995","Siberian rubythroat tracking from Qinghai, China"
33444752880,true,2020-09-17 22:00:04.000,101.74529,37.014,1.3,2561.08,1.4,"gps","Luscinia calliope","49995","49995","Siberian rubythroat tracking from Qinghai, China"
33444752881,true,2020-09-20 22:00:06.000,101.74528,37.01398,1.2,2562.05,2.4,"gps","Luscinia calliope","49995","49995","Siberian rubythroat tracking from Qinghai, China"
33444752882,true,2020-09-23 22:00:08.000,101.74528,37.01403,3.2,2549.45,2.8,"gps","Luscinia calliope","49995","49995","Siberian rubythroat tracking from Qinghai, China"
33444752883,true,2020-09-26 22:00:05.000,101.74523,37.014,1.3,2555.2,0.7,"gps","Luscinia calliope","49995","49995","Siberian rubythroat tracking from Qinghai, China"
33444752884,true,2020-09-29 22:00:07.000,101.74525,37.01405,1.4,2564.3,1.0,"gps","Luscinia calliope","49995","49995","Siberian rubythroat tracking from Qinghai, China"
33444752885,true,2020-10-02 22:00:07.000,101.74525,37.01399,1.7,2563.45,0.5,"gps","Luscinia calliope","49995","49995","Siberian rubythroat tracking from Qinghai, China"
33444752886,true,2020-10-05 22:00:10.000,101.74519,37.01394,1.7,2550.69,4.9,"gps","Luscinia calliope","49995","49995","Siberian rubythroat tracking from Qinghai, China"
33444752887,true,2020-10-08 22:00:05.000,101.74533,37.01405,2.3,2560.78,1.3,"gps","Luscinia calliope","49995","49995","Siberian rubythroat tracking from Qinghai, China"
33444752888,true,2020-10-11 22:00:07.000,104.12258,35.77467,2.9,2316.54,1.1,"gps","Luscinia calliope","49995","49995","Siberian rubythroat tracking from Qinghai, China"
33444752889,true,2020-10-14 22:00:06.000,105.076,35.66535,1.4,2148.56,0.5,"gps","Luscinia calliope","49995","49995","Siberian rubythroat tracking from Qinghai, China"
33444752890,true,2020-10-17 22:00:05.000,105.87373,35.40078,3.3,2496.28,5.7,"gps","Luscinia calliope","49995","49995","Siberian rubythroat tracking from Qinghai, China"
33444752891,true,2020-10-20 22:00:04.000,111.84313,33.47014,1.6,1442.64,1.4,"gps","Luscinia calliope","49995","49995","Siberian rubythroat tracking from Qinghai, China"
33444752892,true,2020-10-25 23:00:10.000,115.48617,31.1812,1.5,175.19,1.7,"gps","Luscinia calliope","49995","49995","Siberian rubythroat tracking from Qinghai, China"
33444752893,true,2020-10-30 23:00:05.000,115.48559,31.18114,1.5,210.45,3.0,"gps","Luscinia calliope","49995","49995","Siberian rubythroat tracking from Qinghai, China"
33444752894,true,2020-11-04 23:00:10.000,115.48595,31.18156,1.9,184.2,1.5,"gps","Luscinia calliope","49995","49995","Siberian rubythroat tracking from Qinghai, China"
33444752895,true,2020-11-09 23:00:10.000,115.48569,31.18151,1.4,224.79,5.2,"gps","Luscinia calliope","49995","49995","Siberian rubythroat tracking from Qinghai, China"
33444752896,true,2020-11-14 23:00:08.000,115.48577,31.18125,5.4,181.61,1.1,"gps","Luscinia calliope","49995","49995","Siberian rubythroat tracking from Qinghai, China"
33444752897,true,2020-12-14 23:00:11.000,,,,,,"gps","Luscinia calliope","49995","49995","Siberian rubythroat tracking from Qinghai, China"
33444752898,true,2021-01-12 23:00:05.000,110.91038,21.42676,1.2,-6.77,1.7,"gps","Luscinia calliope","49995","49995","Siberian rubythroat tracking from Qinghai, China"
33444752899,true,2021-02-10 23:00:05.000,110.9101,21.4272,1.1,-6.6,0.4,"gps","Luscinia calliope","49995","49995","Siberian rubythroat tracking from Qinghai, China"
33444752900,true,2021-03-11 23:00:11.000,110.91025,21.42682,6.3,-7.2,1.5,"gps","Luscinia calliope","49995","49995","Siberian rubythroat tracking from Qinghai, China"
33444752901,true,2021-03-25 23:00:09.000,110.91042,21.42668,1.5,4.24,0.9,"gps","Luscinia calliope","49995","49995","Siberian rubythroat tracking from Qinghai, China"
33444752902,true,2021-04-01 23:00:09.000,110.91018,21.42675,2.6,4.24,0.1,"gps","Luscinia calliope","49995","49995","Siberian rubythroat tracking from Qinghai, China"
33444752903,true,2021-04-05 23:00:11.000,110.62441,23.75162,3.9,70.74,0.6,"gps","Luscinia calliope","49995","49995","Siberian rubythroat tracking from Qinghai, China"
33444752904,true,2021-04-10 23:00:11.000,110.62404,23.75327,1.6,55.04,0.7,"gps","Luscinia calliope","49995","49995","Siberian rubythroat tracking from Qinghai, China"
33444752905,true,2021-04-15 23:00:11.000,110.64538,27.04162,2.9,10000.0,0.0,"gps","Luscinia calliope","49995","49995","Siberian rubythroat tracking from Qinghai, China"
33444752906,true,2021-04-20 23:00:11.000,110.05457,28.17129,2.0,487.39,0.9,"gps","Luscinia calliope","49995","49995","Siberian rubythroat tracking from Qinghai, China"
33444752907,true,2021-04-25 23:00:11.000,109.19253,33.13373,2.1,580.69,1.4,"gps","Luscinia calliope","49995","49995","Siberian rubythroat tracking from Qinghai, China"
33444752908,true,2021-04-30 23:00:04.000,101.74597,37.01355,1.6,2563.14,1.5,"gps","Luscinia calliope","49995","49995","Siberian rubythroat tracking from Qinghai, China"
33444752909,true,2021-05-02 22:00:05.000,101.74702,37.01293,1.2,2552.01,1.9,"gps","Luscinia calliope","49995","49995","Siberian rubythroat tracking from Qinghai, China"
33444752910,true,2021-05-04 22:00:06.000,101.74695,37.01292,2.1,2559.91,3.9,"gps","Luscinia calliope","49995","49995","Siberian rubythroat tracking from Qinghai, China"
33444752911,true,2021-05-06 22:00:10.000,101.74588,37.01351,1.2,2547.01,1.6,"gps","Luscinia calliope","49995","49995","Siberian rubythroat tracking from Qinghai, China"
33444752912,true,2021-05-08 22:00:04.000,101.74593,37.0136,1.3,2548.07,3.2,"gps","Luscinia calliope","49995","49995","Siberian rubythroat tracking from Qinghai, China"
33444752913,true,2020-08-15 22:00:09.000,101.74703,37.01229,1.0,2546.56,4.1,"gps","Luscinia calliope","49996","49996","Siberian rubythroat tracking from Qinghai, China"
33444752914,true,2020-08-20 22:00:11.000,101.74671,37.01173,8.5,2512.78,1.3,"gps","Luscinia calliope","49996","49996","Siberian rubythroat tracking from Qinghai, China"
33444752915,true,2020-08-25 22:00:10.000,105.60403,34.67094,1.4,1519.31,0.9,"gps","Luscinia calliope","49996","49996","Siberian rubythroat tracking from Qinghai, China"
33444752916,true,2020-08-30 22:00:05.000,105.70693,34.63514,1.7,1529.03,0.6,"gps","Luscinia calliope","49996","49996","Siberian rubythroat tracking from Qinghai, China"
33444752917,true,2020-09-04 22:00:05.000,105.70307,34.63536,1.2,1600.04,1.7,"gps","Luscinia calliope","49996","49996","Siberian rubythroat tracking from Qinghai, China"
33444752918,true,2020-09-09 22:00:07.000,105.70312,34.63544,1.3,1587.88,1.3,"gps","Luscinia calliope","49996","49996","Siberian rubythroat tracking from Qinghai, China"
33444752919,true,2020-09-14 22:00:05.000,105.70312,34.63583,3.3,1566.6,1.6,"gps","Luscinia calliope","49996","49996","Siberian rubythroat tracking from Qinghai, China"
33444752920,true,2020-09-17 22:00:05.000,105.70348,34.63577,4.6,1552.66,1.2,"gps","Luscinia calliope","49996","49996","Siberian rubythroat tracking from Qinghai, China"
33444752921,true,2020-09-20 22:00:05.000,105.70323,34.63618,7.4,1550.68,1.8,"gps","Luscinia calliope","49996","49996","Siberian rubythroat tracking from Qinghai, China"
33444752922,true,2020-09-23 22:00:04.000,105.70311,34.63627,8.0,1574.73,1.8,"gps","Luscinia calliope","49996","49996","Siberian rubythroat tracking from Qinghai, China"
33444752923,true,2020-09-26 22:00:04.000,105.70299,34.63577,4.9,1586.05,2.5,"gps","Luscinia calliope","49996","49996","Siberian rubythroat tracking from Qinghai, China"
33444752924,true,2020-09-29 22:00:05.000,105.70273,34.6359,3.3,1588.16,0.8,"gps","Luscinia calliope","49996","49996","Siberian rubythroat tracking from Qinghai, China"
33444752925,true,2020-10-02 22:00:04.000,105.70282,34.6359,1.9,1568.59,3.4,"gps","Luscinia calliope","49996","49996","Siberian rubythroat tracking from Qinghai, China"
33444752926,true,2020-10-05 22:00:06.000,105.70299,34.63579,3.4,1584.7,0.7,"gps","Luscinia calliope","49996","49996","Siberian rubythroat tracking from Qinghai, China"
33444752927,true,2020-10-08 22:00:04.000,105.70313,34.63587,2.6,1583.46,0.9,"gps","Luscinia calliope","49996","49996","Siberian rubythroat tracking from Qinghai, China"
33444752928,true,2020-10-11 22:00:07.000,105.70277,34.63582,3.1,1581.13,2.2,"gps","Luscinia calliope","49996","49996","Siberian rubythroat tracking from Qinghai, China"
33444752929,true,2020-10-14 22:00:08.000,105.70295,34.63605,3.4,1578.94,1.4,"gps","Luscinia calliope","49996","49996","Siberian rubythroat tracking from Qinghai, China"
33444752930,true,2020-10-17 22:00:08.000,105.70283,34.63582,3.2,1579.8,2.6,"gps","Luscinia calliope","49996","49996","Siberian rubythroat tracking from Qinghai, China"
33444752931,true,2020-10-20 22:00:08.000,107.52334,31.30559,2.5,10000.0,0.0,"gps","Luscinia calliope","49996","49996","Siberian rubythroat tracking from Qinghai, China"
33444752932,true,2020-10-25 23:00:04.000,107.87178,28.36324,3.9,739.59,1.8,"gps","Luscinia calliope","49996","49996","Siberian rubythroat tracking from Qinghai, China"
33444752933,true,2020-10-30 23:00:06.000,107.87697,27.4186,1.8,1052.12,1.5,"gps","Luscinia calliope","49996","49996","Siberian rubythroat tracking from Qinghai, China"
33444752934,true,2020-11-04 23:00:10.000,107.70363,27.15214,412.1,1142.48,0.1,"gps","Luscinia calliope","49996","49996","Siberian rubythroat tracking from Qinghai, China"
33444752935,true,2020-11-09 23:00:11.000,108.51282,24.56474,1.7,150.33,1.6,"gps","Luscinia calliope","49996","49996","Siberian rubythroat tracking from Qinghai, China"
33444752936,true,2020-11-14 23:00:11.000,108.89173,25.15343,1.4,763.68,1.0,"gps","Luscinia calliope","49996","49996","Siberian rubythroat tracking from Qinghai, China"
33444752937,true,2020-12-14 23:00:07.000,99.90848,14.12212,1.0,-22.61,1.1,"gps","Luscinia calliope","49996","49996","Siberian rubythroat tracking from Qinghai, China"
33444752938,true,2021-01-12 23:00:11.000,,,,,,"gps","Luscinia calliope","49996","49996","Siberian rubythroat tracking from Qinghai, China"
33444752939,true,2021-02-10 23:00:08.000,99.85985,13.28008,1.7,-36.46,0.8,"gps","Luscinia calliope","49996","49996","Siberian rubythroat tracking from Qinghai, China"
33444752940,true,2021-03-11 23:00:05.000,99.85984,13.28013,2.2,-33.08,0.7,"gps","Luscinia calliope","49996","49996","Siberian rubythroat tracking from Qinghai, China"
33444752941,true,2021-03-25 23:00:05.000,99.85971,13.2801,1.6,-31.98,0.5,"gps","Luscinia calliope","49996","49996","Siberian rubythroat tracking from Qinghai, China"
33444752942,true,2021-04-01 23:00:08.000,99.85999,13.28085,1.5,-30.07,0.7,"gps","Luscinia calliope","49996","49996","Siberian rubythroat tracking from Qinghai, China"
33444752943,true,2021-04-05 23:00:07.000,99.86032,13.28053,1.2,-28.96,0.9,"gps","Luscinia calliope","49996","49996","Siberian rubythroat tracking from Qinghai, China"
33444752944,true,2021-04-10 23:00:11.000,,,,,,"gps","Luscinia calliope","49996","49996","Siberian rubythroat tracking from Qinghai, China"
33444752945,true,2021-04-15 23:00:06.000,108.0312,25.64824,1.6,680.35,0.6,"gps","Luscinia calliope","49996","49996","Siberian rubythroat tracking from Qinghai, China"
33444752946,true,2021-04-20 23:00:05.000,108.38512,28.85943,1.5,711.14,1.5,"gps","Luscinia calliope","49996","49996","Siberian rubythroat tracking from Qinghai, China"
33444752947,true,2021-04-25 23:00:09.000,105.98322,34.39609,1.4,1495.05,1.4,"gps","Luscinia calliope","49996","49996","Siberian rubythroat tracking from Qinghai, China"
33444752948,true,2021-04-30 23:00:07.000,101.7471,37.01156,1.2,2550.23,1.9,"gps","Luscinia calliope","49996","49996","Siberian rubythroat tracking from Qinghai, China"
33444752949,true,2021-05-02 22:00:07.000,101.74688,37.01228,1.2,2570.6,6.2,"gps","Luscinia calliope","49996","49996","Siberian rubythroat tracking from Qinghai, China"
33444752950,true,2021-05-04 22:00:04.000,101.74692,37.0123,1.5,2552.03,2.1,"gps","Luscinia calliope","49996","49996","Siberian rubythroat tracking from Qinghai, China"
33444752951,true,2021-05-06 22:00:09.000,101.74693,37.01197,1.2,2549.42,1.2,"gps","Luscinia calliope","49996","49996","Siberian rubythroat tracking from Qinghai, China"
33444752952,true,2021-05-08 22:00:06.000,101.7468,37.01227,1.1,2548.52,2.7,"gps","Luscinia calliope","49996","49996","Siberian rubythroat tracking from Qinghai, China"
33444752953,true,2021-05-10 22:00:04.000,101.74684,37.01177,1.4,2538.59,0.9,"gps","Luscinia calliope","49996","49996","Siberian rubythroat tracking from Qinghai, China"
33444752954,true,2021-05-12 22:00:08.000,101.74674,37.01206,1.2,2531.02,3.0,"gps","Luscinia calliope","49996","49996","Siberian rubythroat tracking from Qinghai, China"
33444752955,true,2021-05-14 22:00:09.000,,,,,,"gps","Luscinia calliope","49996","49996","Siberian rubythroat tracking from Qinghai, China"
33444752956,true,2020-08-15 22:00:05.000,101.7472,37.01525,2.0,2553.4,1.7,"gps","Luscinia calliope","49999","49999","Siberian rubythroat tracking from Qinghai, China"
33444752957,true,2020-08-20 22:00:11.000,101.74711,37.01529,1.6,2552.96,1.7,"gps","Luscinia calliope","49999","49999","Siberian rubythroat tracking from Qinghai, China"
33444752958,true,2020-08-25 22:00:08.000,101.74679,37.0151,1.9,2550.34,0.5,"gps","Luscinia calliope","49999","49999","Siberian rubythroat tracking from Qinghai, China"
33444752959,true,2020-08-30 22:00:05.000,101.74691,37.01524,1.4,2552.87,0.6,"gps","Luscinia calliope","49999","49999","Siberian rubythroat tracking from Qinghai, China"
33444752960,true,2020-09-04 22:00:09.000,101.74715,37.01524,2.1,2554.43,2.9,"gps","Luscinia calliope","49999","49999","Siberian rubythroat tracking from Qinghai, China"
33444752961,true,2020-09-09 22:00:04.000,101.74709,37.01528,1.2,2549.9,0.6,"gps","Luscinia calliope","49999","49999","Siberian rubythroat tracking from Qinghai, China"
33444752962,true,2020-09-14 22:00:07.000,101.7471,37.0153,1.2,2551.81,2.4,"gps","Luscinia calliope","49999","49999","Siberian rubythroat tracking from Qinghai, China"
33444752963,true,2020-09-17 22:00:09.000,101.74705,37.01528,1.2,2559.07,2.1,"gps","Luscinia calliope","49999","49999","Siberian rubythroat tracking from Qinghai, China"
33444752964,true,2020-09-20 22:00:04.000,101.74715,37.01548,7.3,2552.6,1.4,"gps","Luscinia calliope","49999","49999","Siberian rubythroat tracking from Qinghai, China"
33444752965,true,2020-09-23 22:00:04.000,101.74714,37.01528,1.4,2548.66,0.8,"gps","Luscinia calliope","49999","49999","Siberian rubythroat tracking from Qinghai, China"
33444752966,true,2020-09-26 22:00:06.000,101.74713,37.01529,1.2,2552.73,0.9,"gps","Luscinia calliope","49999","49999","Siberian rubythroat tracking from Qinghai, China"
33444752967,true,2020-09-29 22:00:04.000,101.74717,37.01525,1.9,2557.57,0.8,"gps","Luscinia calliope","49999","49999","Siberian rubythroat tracking from Qinghai, China"
33444752968,true,2020-10-02 22:00:07.000,101.74713,37.01513,1.3,2556.16,0.9,"gps","Luscinia calliope","49999","49999","Siberian rubythroat tracking from Qinghai, China"
33444752969,true,2020-10-05 22:00:08.000,101.74715,37.01498,1.7,2550.45,4.4,"gps","Luscinia calliope","49999","49999","Siberian rubythroat tracking from Qinghai, China"
33444752970,true,2020-10-08 22:00:04.000,101.74716,37.01529,2.2,2551.82,1.2,"gps","Luscinia calliope","49999","49999","Siberian rubythroat tracking from Qinghai, China"
33444752971,true,2020-10-11 22:00:06.000,101.74715,37.01537,2.8,2572.17,2.0,"gps","Luscinia calliope","49999","49999","Siberian rubythroat tracking from Qinghai, China"
33444752972,true,2020-10-14 22:00:05.000,101.74765,37.01515,6.4,2572.21,0.5,"gps","Luscinia calliope","49999","49999","Siberian rubythroat tracking from Qinghai, China"
33444752973,true,2020-10-17 22:00:11.000,101.747,37.01533,1.4,2556.63,2.3,"gps","Luscinia calliope","49999","49999","Siberian rubythroat tracking from Qinghai, China"
33444752974,true,2020-10-20 22:00:05.000,103.58432,35.44236,1.5,2081.19,1.1,"gps","Luscinia calliope","49999","49999","Siberian rubythroat tracking from Qinghai, China"
33444752975,true,2020-10-25 23:00:04.000,107.00437,34.61695,5.9,865.38,1.7,"gps","Luscinia calliope","49999","49999","Siberian rubythroat tracking from Qinghai, China"
33444752976,true,2020-10-30 23:00:07.000,107.00487,34.61708,1.4,858.69,2.9,"gps","Luscinia calliope","49999","49999","Siberian rubythroat tracking from Qinghai, China"
33444752977,true,2020-11-04 23:00:10.000,109.16547,30.93574,4.8,702.53,1.9,"gps","Luscinia calliope","49999","49999","Siberian rubythroat tracking from Qinghai, China"
33444752978,true,2020-11-09 23:00:10.000,110.79311,26.86279,1.6,638.68,1.5,"gps","Luscinia calliope","49999","49999","Siberian rubythroat tracking from Qinghai, China"
33444752979,true,2020-11-14 23:00:11.000,110.79315,26.86312,2.0,638.68,0.0,"gps","Luscinia calliope","49999","49999","Siberian rubythroat tracking from Qinghai, China"
33444752980,true,2020-12-14 23:00:06.000,100.25642,15.76571,2.3,-0.06,0.7,"gps","Luscinia calliope","49999","49999","Siberian rubythroat tracking from Qinghai, China"
33444752981,true,2021-01-12 23:00:05.000,100.26072,15.79421,1.5,-9.36,0.4,"gps","Luscinia calliope","49999","49999","Siberian rubythroat tracking from Qinghai, China"
33444752982,true,2021-02-10 23:00:11.000,100.26078,15.79423,2.8,-9.36,0.2,"gps","Luscinia calliope","49999","49999","Siberian rubythroat tracking from Qinghai, China"
33444752983,true,2021-03-11 23:00:04.000,100.2606,15.79436,3.1,-8.69,0.3,"gps","Luscinia calliope","49999","49999","Siberian rubythroat tracking from Qinghai, China"
33444752984,true,2021-03-25 23:00:10.000,100.2607,15.7944,1.9,-9.63,0.3,"gps","Luscinia calliope","49999","49999","Siberian rubythroat tracking from Qinghai, China"
33444752985,true,2021-04-01 23:00:07.000,100.26067,15.79427,1.9,-6.61,1.5,"gps","Luscinia calliope","49999","49999","Siberian rubythroat tracking from Qinghai, China"
33444752986,true,2021-04-05 23:00:10.000,100.26073,15.7942,1.2,-5.84,1.1,"gps","Luscinia calliope","49999","49999","Siberian rubythroat tracking from Qinghai, China"
33444752987,true,2020-08-15 22:00:07.000,101.73295,37.0513,1.8,2802.41,1.0,"gps","Luscinia calliope","50002","50002","Siberian rubythroat tracking from Qinghai, China"
33444752988,true,2020-08-20 22:00:11.000,103.95466,35.37069,6.0,2170.07,0.5,"gps","Luscinia calliope","50002","50002","Siberian rubythroat tracking from Qinghai, China"
33444752989,true,2020-08-25 22:00:08.000,103.95425,35.37053,2.1,2170.96,0.8,"gps","Luscinia calliope","50002","50002","Siberian rubythroat tracking from Qinghai, China"
33444752990,true,2020-08-30 22:00:04.000,103.95446,35.37046,1.7,2188.22,0.8,"gps","Luscinia calliope","50002","50002","Siberian rubythroat tracking from Qinghai, China"
33444752991,true,2020-09-04 22:00:04.000,103.95453,35.37049,1.7,2178.55,0.9,"gps","Luscinia calliope","50002","50002","Siberian rubythroat tracking from Qinghai, China"
33444752992,true,2020-09-09 22:00:04.000,103.95448,35.37043,3.5,2179.67,0.6,"gps","Luscinia calliope","50002","50002","Siberian rubythroat tracking from Qinghai, China"
33444752993,true,2020-09-14 22:00:05.000,103.95445,35.37051,1.6,2178.88,1.9,"gps","Luscinia calliope","50002","50002","Siberian rubythroat tracking from Qinghai, China"
33444752994,true,2020-09-17 22:00:09.000,103.9545,35.3705,1.2,2188.07,2.6,"gps","Luscinia calliope","50002","50002","Siberian rubythroat tracking from Qinghai, China"
33444752995,true,2020-09-20 22:00:04.000,103.95445,35.37044,1.5,2190.19,4.0,"gps","Luscinia calliope","50002","50002","Siberian rubythroat tracking from Qinghai, China"
33444752996,true,2020-09-23 22:00:09.000,103.95456,35.37063,2.2,2191.1,0.4,"gps","Luscinia calliope","50002","50002","Siberian rubythroat tracking from Qinghai, China"
33444752997,true,2020-09-26 22:00:06.000,103.95453,35.37049,2.5,2191.65,1.6,"gps","Luscinia calliope","50002","50002","Siberian rubythroat tracking from Qinghai, China"
33444752998,true,2020-09-29 22:00:06.000,103.95447,35.37051,2.0,2207.25,1.3,"gps","Luscinia calliope","50002","50002","Siberian rubythroat tracking from Qinghai, China"
33444752999,true,2020-10-02 22:00:06.000,103.95434,35.37052,1.9,2177.16,0.6,"gps","Luscinia calliope","50002","50002","Siberian rubythroat tracking from Qinghai, China"
33444753000,true,2020-10-05 22:00:07.000,103.95451,35.37045,1.8,2188.81,0.8,"gps","Luscinia calliope","50002","50002","Siberian rubythroat tracking from Qinghai, China"
33444753001,true,2020-10-08 22:00:06.000,103.9543,35.37044,2.5,2188.73,1.8,"gps","Luscinia calliope","50002","50002","Siberian rubythroat tracking from Qinghai, China"
33444753002,true,2020-10-11 22:00:05.000,104.22678,35.12892,2.4,2167.27,0.9,"gps","Luscinia calliope","50002","50002","Siberian rubythroat tracking from Qinghai, China"
33444753003,true,2020-10-14 22:00:05.000,104.44349,35.01124,3.3,2727.93,1.2,"gps","Luscinia calliope","50002","50002","Siberian rubythroat tracking from Qinghai, China"
33444753004,true,2020-10-17 22:00:06.000,105.38975,34.59317,1.4,1690.68,0.8,"gps","Luscinia calliope","50002","50002","Siberian rubythroat tracking from Qinghai, China"
33444753005,true,2020-10-20 22:00:08.000,109.79509,32.28664,2.4,515.94,0.5,"gps","Luscinia calliope","50002","50002","Siberian rubythroat tracking from Qinghai, China"
33444753006,true,2020-10-25 23:00:09.000,109.91572,32.32517,5.4,448.14,2.1,"gps","Luscinia calliope","50002","50002","Siberian rubythroat tracking from Qinghai, China"
33444753007,true,2020-10-30 23:00:11.000,109.9154,32.32488,2.5,448.14,0.2,"gps","Luscinia calliope","50002","50002","Siberian rubythroat tracking from Qinghai, China"
33444753008,true,2020-11-04 23:00:11.000,111.9365,28.2026,1.8,520.18,2.2,"gps","Luscinia calliope","50002","50002","Siberian rubythroat tracking from Qinghai, China"
33444753009,true,2020-11-09 23:00:11.000,110.87507,27.8976,2.3,531.24,1.5,"gps","Luscinia calliope","50002","50002","Siberian rubythroat tracking from Qinghai, China"
33444753010,true,2020-11-14 23:00:05.000,110.87523,27.89725,1.6,465.61,0.8,"gps","Luscinia calliope","50002","50002","Siberian rubythroat tracking from Qinghai, China"
33444753011,true,2020-12-14 23:00:08.000,110.48439,27.40307,4.3,560.22,1.0,"gps","Luscinia calliope","50002","50002","Siberian rubythroat tracking from Qinghai, China"
33444753012,true,2021-01-12 23:00:04.000,100.75732,14.26808,1.9,-27.1,1.4,"gps","Luscinia calliope","50002","50002","Siberian rubythroat tracking from Qinghai, China"
33444753013,true,2021-02-10 23:00:05.000,100.75729,14.26791,2.5,-26.58,1.8,"gps","Luscinia calliope","50002","50002","Siberian rubythroat tracking from Qinghai, China"
33444753014,true,2021-03-11 23:00:06.000,100.7581,14.26776,1.6,-26.67,0.4,"gps","Luscinia calliope","50002","50002","Siberian rubythroat tracking from Qinghai, China"
33444753015,true,2021-03-25 23:00:07.000,,,,,,"gps","Luscinia calliope","50002","50002","Siberian rubythroat tracking from Qinghai, China"
33444753016,true,2020-08-15 22:00:04.000,101.9772,36.763,1.2,2619.19,0.8,"gps","Luscinia calliope","50005","50005","Siberian rubythroat tracking from Qinghai, China"
33444753017,true,2020-08-20 22:00:11.000,101.97843,36.76486,1.5,2586.08,0.8,"gps","Luscinia calliope","50005","50005","Siberian rubythroat tracking from Qinghai, China"
33444753018,true,2020-08-25 22:00:06.000,101.97841,36.76488,1.8,2589.98,1.0,"gps","Luscinia calliope","50005","50005","Siberian rubythroat tracking from Qinghai, China"
33444753019,true,2020-08-30 22:00:09.000,101.97844,36.76481,1.6,2590.09,0.3,"gps","Luscinia calliope","50005","50005","Siberian rubythroat tracking from Qinghai, China"
33444753020,true,2020-09-04 22:00:10.000,101.9785,36.76489,2.4,2605.73,0.5,"gps","Luscinia calliope","50005","50005","Siberian rubythroat tracking from Qinghai, China"
33444753021,true,2020-09-09 22:00:06.000,101.97843,36.76499,1.3,2591.09,3.4,"gps","Luscinia calliope","50005","50005","Siberian rubythroat tracking from Qinghai, China"
33444753022,true,2020-09-14 22:00:04.000,101.97839,36.76498,1.4,2591.14,1.4,"gps","Luscinia calliope","50005","50005","Siberian rubythroat tracking from Qinghai, China"
33444753023,true,2020-09-17 22:00:07.000,101.97842,36.76502,1.1,2594.89,1.5,"gps","Luscinia calliope","50005","50005","Siberian rubythroat tracking from Qinghai, China"
33444753024,true,2020-09-20 22:00:05.000,101.9785,36.76488,1.1,2599.67,1.7,"gps","Luscinia calliope","50005","50005","Siberian rubythroat tracking from Qinghai, China"
33444753025,true,2020-09-23 22:00:06.000,101.97838,36.76496,0.9,2585.26,1.7,"gps","Luscinia calliope","50005","50005","Siberian rubythroat tracking from Qinghai, China"
33444753026,true,2020-09-26 22:00:05.000,101.97852,36.7651,4.7,2602.87,2.5,"gps","Luscinia calliope","50005","50005","Siberian rubythroat tracking from Qinghai, China"
33444753027,true,2020-09-29 22:00:04.000,101.97838,36.7649,1.6,2592.71,1.7,"gps","Luscinia calliope","50005","50005","Siberian rubythroat tracking from Qinghai, China"
33444753028,true,2020-10-02 22:00:07.000,101.97844,36.76473,1.7,2592.36,2.5,"gps","Luscinia calliope","50005","50005","Siberian rubythroat tracking from Qinghai, China"
33444753029,true,2020-10-05 22:00:05.000,101.97861,36.76473,2.2,2582.72,2.3,"gps","Luscinia calliope","50005","50005","Siberian rubythroat tracking from Qinghai, China"
33444753030,true,2020-10-08 22:00:06.000,101.97852,36.76494,1.6,2598.03,3.1,"gps","Luscinia calliope","50005","50005","Siberian rubythroat tracking from Qinghai, China"
33444753031,true,2020-10-11 22:00:05.000,101.97848,36.76473,2.7,2595.8,1.2,"gps","Luscinia calliope","50005","50005","Siberian rubythroat tracking from Qinghai, China"
33444753032,true,2020-10-14 22:00:06.000,101.97852,36.76473,1.4,2585.75,2.2,"gps","Luscinia calliope","50005","50005","Siberian rubythroat tracking from Qinghai, China"
33444753033,true,2020-10-17 22:00:04.000,103.48449,35.60406,4.4,2220.71,1.2,"gps","Luscinia calliope","50005","50005","Siberian rubythroat tracking from Qinghai, China"
33444753034,true,2020-10-20 22:00:08.000,104.42563,34.99761,3.7,2311.85,5.2,"gps","Luscinia calliope","50005","50005","Siberian rubythroat tracking from Qinghai, China"
33444753035,true,2020-10-25 23:00:05.000,104.42611,34.99701,2.9,2026.91,2.2,"gps","Luscinia calliope","50005","50005","Siberian rubythroat tracking from Qinghai, China"
33444753036,true,2020-10-30 23:00:06.000,111.24051,32.77044,3.0,332.08,1.8,"gps","Luscinia calliope","50005","50005","Siberian rubythroat tracking from Qinghai, China"
33444753037,true,2020-11-04 23:00:04.000,113.03963,29.9746,1.9,33.87,1.9,"gps","Luscinia calliope","50005","50005","Siberian rubythroat tracking from Qinghai, China"
33444753038,true,2020-11-09 23:00:09.000,111.09716,27.98621,1.4,208.1,1.4,"gps","Luscinia calliope","50005","50005","Siberian rubythroat tracking from Qinghai, China"
33444753039,true,2020-11-14 23:00:10.000,111.09563,27.98369,5.6,208.11,0.0,"gps","Luscinia calliope","50005","50005","Siberian rubythroat tracking from Qinghai, China"
33444753040,true,2020-12-14 23:00:04.000,102.51231,16.81786,1.3,155.2,0.9,"gps","Luscinia calliope","50005","50005","Siberian rubythroat tracking from Qinghai, China"
33444753041,true,2021-01-12 23:00:08.000,100.36889,14.54132,1.2,-14.74,2.8,"gps","Luscinia calliope","50005","50005","Siberian rubythroat tracking from Qinghai, China"
33444753042,true,2021-02-10 23:00:11.000,100.36126,14.63695,1.2,-16.5,1.8,"gps","Luscinia calliope","50005","50005","Siberian rubythroat tracking from Qinghai, China"
33444753043,true,2021-03-11 23:00:04.000,100.3613,14.63719,1.6,-17.74,0.6,"gps","Luscinia calliope","50005","50005","Siberian rubythroat tracking from Qinghai, China"
33444753044,true,2021-03-25 23:00:08.000,100.36175,14.63764,1.4,-22.57,0.8,"gps","Luscinia calliope","50005","50005","Siberian rubythroat tracking from Qinghai, China"
33444753045,true,2021-04-01 23:00:05.000,100.36189,14.63818,1.7,-27.89,0.5,"gps","Luscinia calliope","50005","50005","Siberian rubythroat tracking from Qinghai, China"
33444753046,true,2021-04-05 23:00:04.000,100.36193,14.63821,1.0,-18.69,1.0,"gps","Luscinia calliope","50005","50005","Siberian rubythroat tracking from Qinghai, China"
33444753047,true,2021-04-10 23:00:07.000,100.34951,18.29957,1.4,244.97,0.6,"gps","Luscinia calliope","50005","50005","Siberian rubythroat tracking from Qinghai, China"
33444753048,true,2021-04-15 23:00:11.000,102.83013,23.54277,3.8,10000.0,0.0,"gps","Luscinia calliope","50005","50005","Siberian rubythroat tracking from Qinghai, China"
33444753049,true,2021-04-20 23:00:04.000,105.00742,28.87664,1.7,282.74,1.8,"gps","Luscinia calliope","50005","50005","Siberian rubythroat tracking from Qinghai, China"
33444753050,true,2021-04-25 23:00:11.000,105.05797,32.93203,1.7,1137.11,0.6,"gps","Luscinia calliope","50005","50005","Siberian rubythroat tracking from Qinghai, China"
33444753051,true,2020-08-15 22:00:08.000,101.74169,37.02322,1.9,2570.51,1.7,"gps","Luscinia calliope","50008","50008","Siberian rubythroat tracking from Qinghai, China"
33444753052,true,2020-08-20 22:00:14.000,101.74215,37.02319,22.4,2570.51,0.1,"gps","Luscinia calliope","50008","50008","Siberian rubythroat tracking from Qinghai, China"
33444753053,true,2020-08-25 22:00:11.000,101.74177,37.023,3.0,2570.51,0.3,"gps","Luscinia calliope","50008","50008","Siberian rubythroat tracking from Qinghai, China"
33444753054,true,2020-08-30 22:00:09.000,101.74171,37.02312,1.7,2566.79,2.5,"gps","Luscinia calliope","50008","50008","Siberian rubythroat tracking from Qinghai, China"
33444753055,true,2020-09-04 22:00:08.000,101.74176,37.02319,1.2,2566.3,1.4,"gps","Luscinia calliope","50008","50008","Siberian rubythroat tracking from Qinghai, China"
33444753056,true,2020-09-09 22:00:08.000,101.74174,37.02323,1.1,2566.35,3.0,"gps","Luscinia calliope","50008","50008","Siberian rubythroat tracking from Qinghai, China"
33444753057,true,2020-09-14 22:00:08.000,101.74177,37.02317,3.7,2572.89,0.8,"gps","Luscinia calliope","50008","50008","Siberian rubythroat tracking from Qinghai, China"
33444753058,true,2020-09-17 22:00:05.000,101.74168,37.0231,6.5,2582.23,1.3,"gps","Luscinia calliope","50008","50008","Siberian rubythroat tracking from Qinghai, China"
33444753059,true,2020-09-20 22:00:11.000,101.74082,37.01885,2.9,2582.25,0.1,"gps","Luscinia calliope","50008","50008","Siberian rubythroat tracking from Qinghai, China"
33444753060,true,2020-09-23 22:00:06.000,101.74202,37.0244,1.2,2575.76,1.0,"gps","Luscinia calliope","50008","50008","Siberian rubythroat tracking from Qinghai, China"
33444753061,true,2020-09-26 22:00:04.000,101.74195,37.0244,2.6,2574.94,0.6,"gps","Luscinia calliope","50008","50008","Siberian rubythroat tracking from Qinghai, China"
33444753062,true,2020-09-29 22:00:07.000,101.74201,37.02437,2.4,2576.49,0.6,"gps","Luscinia calliope","50008","50008","Siberian rubythroat tracking from Qinghai, China"
33444753063,true,2020-10-02 22:00:08.000,101.74202,37.02439,1.4,2575.65,1.9,"gps","Luscinia calliope","50008","50008","Siberian rubythroat tracking from Qinghai, China"
33444753064,true,2020-10-05 22:00:04.000,102.59648,36.35302,1.8,2039.85,2.4,"gps","Luscinia calliope","50008","50008","Siberian rubythroat tracking from Qinghai, China"
33444753065,true,2020-10-08 22:00:11.000,107.91296,32.49661,3.0,977.79,1.4,"gps","Luscinia calliope","50008","50008","Siberian rubythroat tracking from Qinghai, China"
33444753066,true,2020-10-11 22:00:08.000,107.92408,32.49423,38.7,977.88,0.1,"gps","Luscinia calliope","50008","50008","Siberian rubythroat tracking from Qinghai, China"
33444753067,true,2020-10-14 22:00:11.000,,,,,,"gps","Luscinia calliope","50008","50008","Siberian rubythroat tracking from Qinghai, China"
33444753068,true,2020-10-17 22:00:11.000,109.41123,32.87272,5.5,505.42,2.7,"gps","Luscinia calliope","50008","50008","Siberian rubythroat tracking from Qinghai, China"
33444753069,true,2020-10-20 22:00:07.000,111.79403,31.05299,2.6,143.95,1.7,"gps","Luscinia calliope","50008","50008","Siberian rubythroat tracking from Qinghai, China"
33444753070,true,2020-10-25 23:00:11.000,112.28181,28.41644,2.0,65.58,4.3,"gps","Luscinia calliope","50008","50008","Siberian rubythroat tracking from Qinghai, China"
33444753071,true,2020-10-30 23:00:05.000,112.28182,28.41651,2.1,64.88,0.8,"gps","Luscinia calliope","50008","50008","Siberian rubythroat tracking from Qinghai, China"
33444753072,true,2020-11-04 23:00:07.000,108.66476,24.4195,1.7,187.35,2.6,"gps","Luscinia calliope","50008","50008","Siberian rubythroat tracking from Qinghai, China"
33444753073,true,2020-11-09 23:00:10.000,108.66472,24.41942,2.1,187.35,0.2,"gps","Luscinia calliope","50008","50008","Siberian rubythroat tracking from Qinghai, China"
33444753074,true,2020-11-14 23:00:10.000,108.66477,24.41942,2.2,163.84,0.9,"gps","Luscinia calliope","50008","50008","Siberian rubythroat tracking from Qinghai, China"
33444753075,true,2020-12-14 23:00:04.000,99.83282,14.2862,1.2,-14.6,1.4,"gps","Luscinia calliope","50008","50008","Siberian rubythroat tracking from Qinghai, China"
33444753076,true,2021-01-12 23:00:09.000,99.98117,14.05894,1.2,-30.52,0.8,"gps","Luscinia calliope","50008","50008","Siberian rubythroat tracking from Qinghai, China"
33444753077,true,2021-02-10 23:00:04.000,99.98044,14.05745,1.4,-30.32,0.3,"gps","Luscinia calliope","50008","50008","Siberian rubythroat tracking from Qinghai, China"
33444753078,true,2021-03-11 23:00:04.000,99.9805,14.05767,1.2,-24.19,0.6,"gps","Luscinia calliope","50008","50008","Siberian rubythroat tracking from Qinghai, China"
33444753079,true,2021-03-25 23:00:09.000,99.98025,14.05715,1.3,-24.71,0.6,"gps","Luscinia calliope","50008","50008","Siberian rubythroat tracking from Qinghai, China"
33444753080,true,2021-04-01 23:00:08.000,99.98021,14.05718,1.1,-25.83,1.3,"gps","Luscinia calliope","50008","50008","Siberian rubythroat tracking from Qinghai, China"
33444753081,true,2021-04-05 23:00:04.000,99.98021,14.05715,1.2,-27.99,0.4,"gps","Luscinia calliope","50008","50008","Siberian rubythroat tracking from Qinghai, China"
33444753082,true,2021-04-10 23:00:05.000,99.98023,14.05714,1.2,-26.21,1.7,"gps","Luscinia calliope","50008","50008","Siberian rubythroat tracking from Qinghai, China"
33444753083,true,2021-04-15 23:00:08.000,,,,,,"gps","Luscinia calliope","50008","50008","Siberian rubythroat tracking from Qinghai, China"
33444753084,true,2020-08-15 22:00:11.000,101.7274,37.04463,2.7,2610.0,1.0,"gps","Luscinia calliope","50009","50009","Siberian rubythroat tracking from Qinghai, China"
33444753085,true,2020-08-20 22:00:11.000,101.72753,37.04473,1.9,2630.78,1.4,"gps","Luscinia calliope","50009","50009","Siberian rubythroat tracking from Qinghai, China"
33444753086,true,2020-08-25 22:00:04.000,101.72753,37.04468,1.6,2630.66,0.2,"gps","Luscinia calliope","50009","50009","Siberian rubythroat tracking from Qinghai, China"
33444753087,true,2020-08-30 22:00:11.000,101.7275,37.04485,37.5,2630.66,0.2,"gps","Luscinia calliope","50009","50009","Siberian rubythroat tracking from Qinghai, China"
33444753088,true,2020-09-04 22:00:08.000,101.72746,37.04471,2.2,2630.36,1.9,"gps","Luscinia calliope","50009","50009","Siberian rubythroat tracking from Qinghai, China"
33444753089,true,2020-09-09 22:00:08.000,101.72743,37.04465,1.2,2618.68,1.3,"gps","Luscinia calliope","50009","50009","Siberian rubythroat tracking from Qinghai, China"
33444753090,true,2020-09-14 22:00:09.000,101.72742,37.04466,2.0,2620.17,1.9,"gps","Luscinia calliope","50009","50009","Siberian rubythroat tracking from Qinghai, China"
33444753091,true,2020-09-17 22:00:11.000,101.72747,37.04469,1.1,2622.57,1.7,"gps","Luscinia calliope","50009","50009","Siberian rubythroat tracking from Qinghai, China"
33444753092,true,2020-09-20 22:00:05.000,101.72751,37.04468,1.2,2627.5,1.4,"gps","Luscinia calliope","50009","50009","Siberian rubythroat tracking from Qinghai, China"
33444753093,true,2020-09-23 22:00:04.000,101.72745,37.04476,2.2,2628.52,1.3,"gps","Luscinia calliope","50009","50009","Siberian rubythroat tracking from Qinghai, China"
33444753094,true,2020-09-26 22:00:11.000,101.72744,37.04471,2.5,2637.49,1.3,"gps","Luscinia calliope","50009","50009","Siberian rubythroat tracking from Qinghai, China"
33444753095,true,2020-09-29 22:00:07.000,101.7275,37.0448,3.2,2637.95,1.6,"gps","Luscinia calliope","50009","50009","Siberian rubythroat tracking from Qinghai, China"
33444753096,true,2020-10-02 22:00:11.000,101.72827,37.04332,1.5,2611.29,2.6,"gps","Luscinia calliope","50009","50009","Siberian rubythroat tracking from Qinghai, China"
33444753097,true,2020-10-05 22:00:04.000,101.72668,37.042,2.0,2613.7,0.7,"gps","Luscinia calliope","50009","50009","Siberian rubythroat tracking from Qinghai, China"
33444753098,true,2020-10-08 22:00:06.000,101.88324,36.89495,1.7,2614.75,3.2,"gps","Luscinia calliope","50009","50009","Siberian rubythroat tracking from Qinghai, China"
33444753099,true,2020-10-11 22:00:06.000,103.98627,35.91957,2.5,1972.3,0.9,"gps","Luscinia calliope","50009","50009","Siberian rubythroat tracking from Qinghai, China"
33444753100,true,2020-10-14 22:00:08.000,104.71738,34.9758,7.5,1795.38,1.6,"gps","Luscinia calliope","50009","50009","Siberian rubythroat tracking from Qinghai, China"
33444753101,true,2020-10-17 22:00:10.000,105.80791,34.48841,3.2,1776.13,5.4,"gps","Luscinia calliope","50009","50009","Siberian rubythroat tracking from Qinghai, China"
33444753102,true,2020-10-20 22:00:11.000,105.80953,34.48484,2.6,1776.15,0.1,"gps","Luscinia calliope","50009","50009","Siberian rubythroat tracking from Qinghai, China"
33444753103,true,2020-10-25 23:00:11.000,111.82769,27.50423,1.4,648.12,1.2,"gps","Luscinia calliope","50009","50009","Siberian rubythroat tracking from Qinghai, China"
33444753104,true,2020-10-30 23:00:08.000,111.82801,27.50407,1.9,638.45,0.6,"gps","Luscinia calliope","50009","50009","Siberian rubythroat tracking from Qinghai, China"
33444753105,true,2020-11-04 23:00:11.000,111.82908,27.50421,189.2,638.45,0.2,"gps","Luscinia calliope","50009","50009","Siberian rubythroat tracking from Qinghai, China"
33444753106,true,2020-11-09 23:00:06.000,111.82813,27.50412,3.6,638.02,0.3,"gps","Luscinia calliope","50009","50009","Siberian rubythroat tracking from Qinghai, China"
33444753107,true,2020-11-14 23:00:07.000,106.76551,21.88643,2.5,322.7,1.5,"gps","Luscinia calliope","50009","50009","Siberian rubythroat tracking from Qinghai, China"
33444753108,true,2020-12-14 23:00:09.000,100.23352,14.45727,1.2,-27.12,0.8,"gps","Luscinia calliope","50009","50009","Siberian rubythroat tracking from Qinghai, China"
33444753109,true,2021-01-12 23:00:05.000,100.23354,14.45728,1.2,-36.71,2.2,"gps","Luscinia calliope","50009","50009","Siberian rubythroat tracking from Qinghai, China"
33444753110,true,2021-02-10 23:00:04.000,,,,,,"gps","Luscinia calliope","50009","50009","Siberian rubythroat tracking from Qinghai, China"
33444753111,true,2020-08-15 22:00:09.000,101.72736,37.0413,2.2,2616.06,1.1,"gps","Luscinia calliope","50010","50010","Siberian rubythroat tracking from Qinghai, China"
33444753112,true,2020-08-20 22:00:11.000,103.91401,35.09094,2.0,2308.09,4.5,"gps","Luscinia calliope","50010","50010","Siberian rubythroat tracking from Qinghai, China"
33444753113,true,2020-08-25 22:00:11.000,105.31232,33.74188,4.8,5398.5,1.3,"gps","Luscinia calliope","50010","50010","Siberian rubythroat tracking from Qinghai, China"
33444753114,true,2020-08-30 22:00:11.000,105.25001,33.78323,1.8,1651.29,0.9,"gps","Luscinia calliope","50010","50010","Siberian rubythroat tracking from Qinghai, China"
33444753115,true,2020-09-04 22:00:10.000,105.25014,33.78343,2.7,1651.29,0.2,"gps","Luscinia calliope","50010","50010","Siberian rubythroat tracking from Qinghai, China"
33444753116,true,2020-09-09 22:00:05.000,105.25005,33.78337,3.6,1651.76,2.7,"gps","Luscinia calliope","50010","50010","Siberian rubythroat tracking from Qinghai, China"
33444753117,true,2020-09-14 22:00:11.000,105.24992,33.78369,1.4,1653.43,0.9,"gps","Luscinia calliope","50010","50010","Siberian rubythroat tracking from Qinghai, China"
33444753118,true,2020-09-17 22:00:09.000,105.24989,33.7836,3.5,1680.57,2.1,"gps","Luscinia calliope","50010","50010","Siberian rubythroat tracking from Qinghai, China"
33444753119,true,2020-09-20 22:00:06.000,105.24995,33.7837,5.1,1662.88,0.7,"gps","Luscinia calliope","50010","50010","Siberian rubythroat tracking from Qinghai, China"
33444753120,true,2020-09-23 22:00:06.000,105.24988,33.78355,1.4,1663.63,2.0,"gps","Luscinia calliope","50010","50010","Siberian rubythroat tracking from Qinghai, China"
33444753121,true,2020-09-26 22:00:04.000,105.24991,33.78348,1.2,1655.2,2.1,"gps","Luscinia calliope","50010","50010","Siberian rubythroat tracking from Qinghai, China"
33444753122,true,2020-09-29 22:00:10.000,105.2497,33.78368,1.6,1672.31,0.8,"gps","Luscinia calliope","50010","50010","Siberian rubythroat tracking from Qinghai, China"
33444753123,true,2020-10-02 22:00:10.000,105.24992,33.78361,2.3,1644.42,0.5,"gps","Luscinia calliope","50010","50010","Siberian rubythroat tracking from Qinghai, China"
33444753124,true,2020-10-05 22:00:11.000,105.25005,33.78367,2.3,1675.47,0.6,"gps","Luscinia calliope","50010","50010","Siberian rubythroat tracking from Qinghai, China"
33444753125,true,2020-10-08 22:00:08.000,105.24994,33.78377,2.0,1663.89,1.5,"gps","Luscinia calliope","50010","50010","Siberian rubythroat tracking from Qinghai, China"
33444753126,true,2020-10-11 22:00:06.000,105.25001,33.78382,4.4,1675.78,0.4,"gps","Luscinia calliope","50010","50010","Siberian rubythroat tracking from Qinghai, China"
33444753127,true,2020-10-14 22:00:11.000,105.25079,33.78334,19.1,1675.78,0.2,"gps","Luscinia calliope","50010","50010","Siberian rubythroat tracking from Qinghai, China"
33444753128,true,2020-10-17 22:00:10.000,105.25001,33.78374,6.3,1675.28,0.7,"gps","Luscinia calliope","50010","50010","Siberian rubythroat tracking from Qinghai, China"
33444753129,true,2020-10-20 22:00:11.000,105.24969,33.78369,4.9,1675.49,0.6,"gps","Luscinia calliope","50010","50010","Siberian rubythroat tracking from Qinghai, China"
33444753130,true,2020-10-25 23:00:08.000,108.45496,31.30173,1.4,336.48,2.2,"gps","Luscinia calliope","50010","50010","Siberian rubythroat tracking from Qinghai, China"
33444753131,true,2020-10-30 23:00:05.000,110.0774,27.79718,2.3,127.05,1.7,"gps","Luscinia calliope","50010","50010","Siberian rubythroat tracking from Qinghai, China"
33444753132,true,2020-11-04 23:00:07.000,109.63057,26.95908,1.5,405.34,3.2,"gps","Luscinia calliope","50010","50010","Siberian rubythroat tracking from Qinghai, China"
33444753133,true,2020-11-09 23:00:11.000,108.7645,26.89284,1.6,895.42,1.9,"gps","Luscinia calliope","50010","50010","Siberian rubythroat tracking from Qinghai, China"
33444753134,true,2020-11-14 23:00:11.000,108.76324,26.89198,33.6,895.43,0.0,"gps","Luscinia calliope","50010","50010","Siberian rubythroat tracking from Qinghai, China"
33444753135,true,2020-12-14 23:00:04.000,108.83594,27.23857,1.5,414.15,0.8,"gps","Luscinia calliope","50010","50010","Siberian rubythroat tracking from Qinghai, China"
33444753136,true,2021-01-12 23:00:09.000,100.0338,16.83719,1.0,3.52,1.9,"gps","Luscinia calliope","50010","50010","Siberian rubythroat tracking from Qinghai, China"
33444753137,true,2021-02-10 23:00:05.000,,,,,,"gps","Luscinia calliope","50010","50010","Siberian rubythroat tracking from Qinghai, China"
33444753138,true,2020-08-15 22:00:11.000,105.5669,34.44237,2.7,1808.6,0.6,"gps","Luscinia calliope","50012","50012","Siberian rubythroat tracking from Qinghai, China"
33444753139,true,2020-08-20 22:00:10.000,105.56654,34.44276,2.1,1812.61,1.0,"gps","Luscinia calliope","50012","50012","Siberian rubythroat tracking from Qinghai, China"
33444753140,true,2020-08-25 22:00:09.000,105.56655,34.44273,1.3,1813.96,0.5,"gps","Luscinia calliope","50012","50012","Siberian rubythroat tracking from Qinghai, China"
33444753141,true,2020-08-30 22:00:04.000,105.56651,34.44275,1.7,1818.34,2.2,"gps","Luscinia calliope","50012","50012","Siberian rubythroat tracking from Qinghai, China"
33444753142,true,2020-09-04 22:00:09.000,105.56665,34.4428,1.9,1811.95,1.4,"gps","Luscinia calliope","50012","50012","Siberian rubythroat tracking from Qinghai, China"
33444753143,true,2020-09-09 22:00:08.000,105.56654,34.44289,5.8,1811.95,0.2,"gps","Luscinia calliope","50012","50012","Siberian rubythroat tracking from Qinghai, China"
33444753144,true,2020-09-14 22:00:06.000,105.56652,34.44279,6.0,1807.21,0.7,"gps","Luscinia calliope","50012","50012","Siberian rubythroat tracking from Qinghai, China"
33444753145,true,2020-09-17 22:00:08.000,105.56642,34.44295,1.6,1779.59,1.1,"gps","Luscinia calliope","50012","50012","Siberian rubythroat tracking from Qinghai, China"
33444753146,true,2020-09-20 22:00:11.000,105.56642,34.44288,1.6,1814.6,1.0,"gps","Luscinia calliope","50012","50012","Siberian rubythroat tracking from Qinghai, China"
33444753147,true,2020-09-23 22:00:09.000,105.56663,34.44283,1.8,1831.89,1.8,"gps","Luscinia calliope","50012","50012","Siberian rubythroat tracking from Qinghai, China"
33444753148,true,2020-09-26 22:00:07.000,105.56651,34.44272,2.6,1815.97,1.1,"gps","Luscinia calliope","50012","50012","Siberian rubythroat tracking from Qinghai, China"
33444753149,true,2020-09-29 22:00:04.000,105.56654,34.44287,3.5,1821.55,1.4,"gps","Luscinia calliope","50012","50012","Siberian rubythroat tracking from Qinghai, China"
33444753150,true,2020-10-02 22:00:10.000,105.56652,34.44283,2.3,1821.58,0.2,"gps","Luscinia calliope","50012","50012","Siberian rubythroat tracking from Qinghai, China"
33444753151,true,2020-10-05 22:00:11.000,105.56671,34.44284,3.9,1821.58,0.1,"gps","Luscinia calliope","50012","50012","Siberian rubythroat tracking from Qinghai, China"
33444753152,true,2020-10-08 22:00:11.000,105.567,34.44277,15.5,1798.38,0.4,"gps","Luscinia calliope","50012","50012","Siberian rubythroat tracking from Qinghai, China"
33444753153,true,2020-10-11 22:00:07.000,105.56628,34.44287,2.8,1798.83,4.0,"gps","Luscinia calliope","50012","50012","Siberian rubythroat tracking from Qinghai, China"
33444753154,true,2020-10-14 22:00:07.000,105.56678,34.44288,3.4,1794.92,1.4,"gps","Luscinia calliope","50012","50012","Siberian rubythroat tracking from Qinghai, China"
33444753155,true,2020-10-17 22:00:08.000,105.5666,34.44299,3.2,1794.71,1.1,"gps","Luscinia calliope","50012","50012","Siberian rubythroat tracking from Qinghai, China"
33444753156,true,2020-10-20 22:00:07.000,107.54571,32.64838,1.2,2639.36,1.6,"gps","Luscinia calliope","50012","50012","Siberian rubythroat tracking from Qinghai, China"
33444753157,true,2020-10-25 23:00:06.000,112.82011,28.74173,1.0,5.37,1.3,"gps","Luscinia calliope","50012","50012","Siberian rubythroat tracking from Qinghai, China"
33444753158,true,2020-10-30 23:00:06.000,113.01067,27.87993,1.7,38.26,0.7,"gps","Luscinia calliope","50012","50012","Siberian rubythroat tracking from Qinghai, China"
33444753159,true,2020-11-04 23:00:05.000,,,,,,"gps","Luscinia calliope","50012","50012","Siberian rubythroat tracking from Qinghai, China"
33444753160,true,2022-07-15 22:00:06.000,101.58476,37.01923,3.4,2500.47,1.9,"gps","Luscinia calliope","51103","51103","Siberian rubythroat tracking from Qinghai, China"
33444753161,true,2022-07-30 22:00:11.000,101.58499,37.01942,1.9,2495.6,0.8,"gps","Luscinia calliope","51103","51103","Siberian rubythroat tracking from Qinghai, China"
33444753162,true,2022-08-14 22:00:05.000,101.66309,36.57599,3.3,2471.11,1.1,"gps","Luscinia calliope","51103","51103","Siberian rubythroat tracking from Qinghai, China"
33444753163,true,2022-08-29 22:00:11.000,101.65785,36.57701,12.6,2471.13,0.2,"gps","Luscinia calliope","51103","51103","Siberian rubythroat tracking from Qinghai, China"
33444753164,true,2022-09-13 22:00:10.000,,,,,,"gps","Luscinia calliope","51103","51103","Siberian rubythroat tracking from Qinghai, China"
33444753165,true,2022-10-05 22:00:08.000,101.66165,36.57676,5.6,2471.2,1.3,"gps","Luscinia calliope","51103","51103","Siberian rubythroat tracking from Qinghai, China"
33444753166,true,2022-10-12 22:00:04.000,101.66187,36.57724,6.8,2419.86,0.6,"gps","Luscinia calliope","51103","51103","Siberian rubythroat tracking from Qinghai, China"
33444753167,true,2022-10-19 22:00:04.000,101.7838,36.57999,1.8,2464.22,0.8,"gps","Luscinia calliope","51103","51103","Siberian rubythroat tracking from Qinghai, China"
33444753168,true,2022-10-26 22:00:04.000,108.71239,34.16687,1.4,367.53,1.1,"gps","Luscinia calliope","51103","51103","Siberian rubythroat tracking from Qinghai, China"
33444753169,true,2022-11-02 22:00:04.000,110.42774,27.70522,1.4,413.99,0.5,"gps","Luscinia calliope","51103","51103","Siberian rubythroat tracking from Qinghai, China"
33444753170,true,2022-11-09 22:00:04.000,110.17126,27.37252,1.8,166.17,0.9,"gps","Luscinia calliope","51103","51103","Siberian rubythroat tracking from Qinghai, China"
33444753171,true,2022-11-16 22:00:04.000,110.17169,27.37253,1.1,178.3,1.6,"gps","Luscinia calliope","51103","51103","Siberian rubythroat tracking from Qinghai, China"
33444753172,true,2022-11-23 22:00:04.000,110.07085,26.743,1.4,284.47,2.4,"gps","Luscinia calliope","51103","51103","Siberian rubythroat tracking from Qinghai, China"
33444753173,true,2022-11-30 22:00:04.000,110.07068,26.74298,2.5,274.69,3.9,"gps","Luscinia calliope","51103","51103","Siberian rubythroat tracking from Qinghai, China"
33444753174,true,2022-12-07 22:00:04.000,106.30949,21.93305,2.8,391.66,1.0,"gps","Luscinia calliope","51103","51103","Siberian rubythroat tracking from Qinghai, China"
33444753175,true,2022-12-14 22:00:04.000,100.93878,17.10609,1.7,192.76,1.1,"gps","Luscinia calliope","51103","51103","Siberian rubythroat tracking from Qinghai, China"
33444753176,true,2022-12-21 22:00:04.000,100.33794,16.96003,1.5,12.43,2.2,"gps","Luscinia calliope","51103","51103","Siberian rubythroat tracking from Qinghai, China"
33444753177,true,2022-12-28 22:00:04.000,100.00411,15.43009,1.0,-6.22,1.2,"gps","Luscinia calliope","51103","51103","Siberian rubythroat tracking from Qinghai, China"
33444753178,true,2023-01-04 22:00:10.000,100.01859,15.82831,1.5,-7.46,0.5,"gps","Luscinia calliope","51103","51103","Siberian rubythroat tracking from Qinghai, China"
33444753179,true,2023-01-11 22:00:04.000,101.28948,15.03401,4.2,919.16,-1.6,"gps","Luscinia calliope","51103","51103","Siberian rubythroat tracking from Qinghai, China"
33444753180,true,2023-01-18 22:00:04.000,102.17563,15.41479,1.3,174.11,0.4,"gps","Luscinia calliope","51103","51103","Siberian rubythroat tracking from Qinghai, China"
33444753181,true,2022-07-15 22:00:08.000,101.75157,37.00367,2.0,2524.14,0.5,"gps","Luscinia calliope","51104","51104","Siberian rubythroat tracking from Qinghai, China"
33444753182,true,2022-07-30 22:00:11.000,101.74833,37.00086,3.6,2526.55,0.4,"gps","Luscinia calliope","51104","51104","Siberian rubythroat tracking from Qinghai, China"
33444753183,true,2022-08-14 22:00:10.000,101.7483,37.00133,3.3,2533.64,0.7,"gps","Luscinia calliope","51104","51104","Siberian rubythroat tracking from Qinghai, China"
33444753184,true,2022-08-29 22:00:09.000,101.74834,37.00132,1.5,2540.48,2.8,"gps","Luscinia calliope","51104","51104","Siberian rubythroat tracking from Qinghai, China"
33444753185,true,2022-09-13 22:00:05.000,,,,,,"gps","Luscinia calliope","51104","51104","Siberian rubythroat tracking from Qinghai, China"
33444753186,true,2022-10-05 22:00:05.000,101.74818,37.00097,2.9,2526.15,0.8,"gps","Luscinia calliope","51104","51104","Siberian rubythroat tracking from Qinghai, China"
33444753187,true,2022-10-12 22:00:04.000,105.50241,34.1537,5.5,1781.7,1.7,"gps","Luscinia calliope","51104","51104","Siberian rubythroat tracking from Qinghai, China"
33444753188,true,2022-10-19 22:00:04.000,108.7238,32.3845,3.3,978.89,0.8,"gps","Luscinia calliope","51104","51104","Siberian rubythroat tracking from Qinghai, China"
33444753189,true,2022-10-26 22:00:04.000,110.88771,31.05416,1.7,798.79,0.8,"gps","Luscinia calliope","51104","51104","Siberian rubythroat tracking from Qinghai, China"
33444753190,true,2022-11-02 22:00:04.000,110.72394,27.49343,2.8,1304.94,0.9,"gps","Luscinia calliope","51104","51104","Siberian rubythroat tracking from Qinghai, China"
33444753191,true,2022-11-09 22:00:04.000,110.52087,25.09047,1.0,478.65,1.8,"gps","Luscinia calliope","51104","51104","Siberian rubythroat tracking from Qinghai, China"
33444753192,true,2022-11-16 22:00:04.000,,,,,,"gps","Luscinia calliope","51104","51104","Siberian rubythroat tracking from Qinghai, China"
33444753193,true,2022-11-23 22:00:07.000,110.52081,25.09049,1.1,472.64,5.8,"gps","Luscinia calliope","51104","51104","Siberian rubythroat tracking from Qinghai, China"
33444753194,true,2022-11-30 22:00:04.000,110.52062,25.09008,2.5,471.14,0.8,"gps","Luscinia calliope","51104","51104","Siberian rubythroat tracking from Qinghai, China"
33444753195,true,2022-12-07 22:00:06.000,110.51882,25.05873,1.9,245.42,2.7,"gps","Luscinia calliope","51104","51104","Siberian rubythroat tracking from Qinghai, China"
33444753196,true,2022-12-14 22:00:04.000,105.55574,20.0782,1.5,-2.27,0.9,"gps","Luscinia calliope","51104","51104","Siberian rubythroat tracking from Qinghai, China"
33444753197,true,2022-12-21 22:00:08.000,100.18149,15.75812,1.2,-17.69,1.5,"gps","Luscinia calliope","51104","51104","Siberian rubythroat tracking from Qinghai, China"
33444753198,true,2022-12-28 22:00:04.000,100.23854,15.6531,1.3,-0.68,1.2,"gps","Luscinia calliope","51104","51104","Siberian rubythroat tracking from Qinghai, China"
33444753199,true,2023-01-04 22:00:05.000,100.24298,15.65515,1.4,-5.7,1.2,"gps","Luscinia calliope","51104","51104","Siberian rubythroat tracking from Qinghai, China"
33444753200,true,2023-01-11 22:00:04.000,100.28916,15.83599,1.1,-9.9,0.8,"gps","Luscinia calliope","51104","51104","Siberian rubythroat tracking from Qinghai, China"
33444753201,true,2023-01-18 22:00:08.000,100.28899,15.83587,1.1,-16.42,2.6,"gps","Luscinia calliope","51104","51104","Siberian rubythroat tracking from Qinghai, China"
33444753202,true,2023-02-28 22:00:04.000,,,,,,"gps","Luscinia calliope","51104","51104","Siberian rubythroat tracking from Qinghai, China"
33444753203,true,2022-07-15 22:00:11.000,101.58629,37.02,5.6,2500.57,0.3,"gps","Luscinia calliope","51105","51105","Siberian rubythroat tracking from Qinghai, China"
33444753204,true,2022-07-30 22:00:12.000,101.58562,37.02062,1.4,2502.29,1.7,"gps","Luscinia calliope","51105","51105","Siberian rubythroat tracking from Qinghai, China"
33444753205,true,2022-08-14 22:00:05.000,101.58553,37.02054,28.8,2500.42,0.1,"gps","Luscinia calliope","51105","51105","Siberian rubythroat tracking from Qinghai, China"
33444753206,true,2022-08-29 22:00:08.000,101.58553,37.02087,1.2,2501.87,3.7,"gps","Luscinia calliope","51105","51105","Siberian rubythroat tracking from Qinghai, China"
33444753207,true,2022-09-13 22:00:09.000,101.57897,36.9776,8.0,2503.71,0.0,"gps","Luscinia calliope","51105","51105","Siberian rubythroat tracking from Qinghai, China"
33444753208,true,2022-10-05 22:00:07.000,101.58559,37.02054,2.8,2501.14,1.1,"gps","Luscinia calliope","51105","51105","Siberian rubythroat tracking from Qinghai, China"
33444753209,true,2022-10-12 22:00:05.000,101.58303,37.02539,2.6,2500.32,0.5,"gps","Luscinia calliope","51105","51105","Siberian rubythroat tracking from Qinghai, China"
33444753210,true,2022-10-19 22:00:05.000,104.9788,33.93334,2.4,1789.68,1.6,"gps","Luscinia calliope","51105","51105","Siberian rubythroat tracking from Qinghai, China"
33444753211,true,2022-10-26 22:00:11.000,107.16851,32.9105,1.2,789.25,1.0,"gps","Luscinia calliope","51105","51105","Siberian rubythroat tracking from Qinghai, China"
33444753212,true,2022-11-02 22:00:07.000,107.21583,32.87692,1.4,694.89,1.2,"gps","Luscinia calliope","51105","51105","Siberian rubythroat tracking from Qinghai, China"
33444753213,true,2022-11-09 22:00:06.000,107.21631,32.87688,1.6,676.52,1.1,"gps","Luscinia calliope","51105","51105","Siberian rubythroat tracking from Qinghai, China"
33444753214,true,2022-11-16 22:00:10.000,,,,,,"gps","Luscinia calliope","51105","51105","Siberian rubythroat tracking from Qinghai, China"
33444753215,true,2022-11-23 22:00:04.000,111.93128,27.67651,2.4,131.1,2.7,"gps","Luscinia calliope","51105","51105","Siberian rubythroat tracking from Qinghai, China"
33444753216,true,2022-11-30 22:00:05.000,111.93117,27.67582,2.2,126.21,2.7,"gps","Luscinia calliope","51105","51105","Siberian rubythroat tracking from Qinghai, China"
33444753217,true,2022-12-07 22:00:06.000,111.82142,27.09563,3.7,272.95,0.5,"gps","Luscinia calliope","51105","51105","Siberian rubythroat tracking from Qinghai, China"
33444753218,true,2022-12-14 22:00:07.000,105.31859,19.95255,2.7,10.34,0.8,"gps","Luscinia calliope","51105","51105","Siberian rubythroat tracking from Qinghai, China"
33444753219,true,2022-12-21 22:00:04.000,100.18231,15.83328,1.0,0.79,2.1,"gps","Luscinia calliope","51105","51105","Siberian rubythroat tracking from Qinghai, China"
33444753220,true,2022-12-28 22:00:04.000,100.19577,15.76724,1.2,-12.66,1.0,"gps","Luscinia calliope","51105","51105","Siberian rubythroat tracking from Qinghai, China"
33444753221,true,2023-01-04 22:00:04.000,100.21243,15.71901,1.2,-8.25,1.7,"gps","Luscinia calliope","51105","51105","Siberian rubythroat tracking from Qinghai, China"
33444753222,true,2023-01-11 22:00:04.000,100.21229,15.71898,1.8,-10.54,0.6,"gps","Luscinia calliope","51105","51105","Siberian rubythroat tracking from Qinghai, China"
33444753223,true,2023-01-18 22:00:10.000,100.21318,15.71934,1.4,-15.87,2.5,"gps","Luscinia calliope","51105","51105","Siberian rubythroat tracking from Qinghai, China"
33444753224,true,2022-07-15 22:00:04.000,101.72859,37.03998,3.1,2613.48,1.0,"gps","Luscinia calliope","51107","51107","Siberian rubythroat tracking from Qinghai, China"
33444753225,true,2022-07-30 22:00:13.000,101.72869,37.03978,1.8,2609.94,1.9,"gps","Luscinia calliope","51107","51107","Siberian rubythroat tracking from Qinghai, China"
33444753226,true,2022-08-14 22:00:05.000,101.72846,37.03966,3.6,2619.29,0.4,"gps","Luscinia calliope","51107","51107","Siberian rubythroat tracking from Qinghai, China"
33444753227,true,2022-08-29 22:00:11.000,101.72855,37.03975,2.8,2619.29,0.1,"gps","Luscinia calliope","51107","51107","Siberian rubythroat tracking from Qinghai, China"
33444753228,true,2022-09-13 22:00:11.000,,,,,,"gps","Luscinia calliope","51107","51107","Siberian rubythroat tracking from Qinghai, China"
33444753229,true,2022-10-05 22:00:05.000,101.72835,37.03957,1.5,2602.99,1.2,"gps","Luscinia calliope","51107","51107","Siberian rubythroat tracking from Qinghai, China"
33444753230,true,2022-10-12 22:00:04.000,105.64066,34.40704,5.8,1586.12,1.6,"gps","Luscinia calliope","51107","51107","Siberian rubythroat tracking from Qinghai, China"
33444753231,true,2022-10-19 22:00:06.000,108.09072,31.53768,1.5,536.8,2.1,"gps","Luscinia calliope","51107","51107","Siberian rubythroat tracking from Qinghai, China"
33444753232,true,2022-10-26 22:00:05.000,108.28119,30.95786,1.2,456.73,4.3,"gps","Luscinia calliope","51107","51107","Siberian rubythroat tracking from Qinghai, China"
33444753233,true,2022-11-02 22:00:06.000,109.37487,29.13059,1.2,796.57,2.5,"gps","Luscinia calliope","51107","51107","Siberian rubythroat tracking from Qinghai, China"
33444753234,true,2022-11-09 22:00:06.000,108.8484,28.14434,1.0,819.2,1.0,"gps","Luscinia calliope","51107","51107","Siberian rubythroat tracking from Qinghai, China"
33444753235,true,2022-11-16 22:00:04.000,108.66237,27.51065,2.9,673.3,0.6,"gps","Luscinia calliope","51107","51107","Siberian rubythroat tracking from Qinghai, China"
33444753236,true,2022-11-23 22:00:05.000,108.6614,27.51093,1.4,663.21,2.2,"gps","Luscinia calliope","51107","51107","Siberian rubythroat tracking from Qinghai, China"
33444753237,true,2022-11-30 22:00:05.000,108.66192,27.51079,2.6,650.27,1.3,"gps","Luscinia calliope","51107","51107","Siberian rubythroat tracking from Qinghai, China"
33444753238,true,2022-12-07 22:00:04.000,108.66128,27.51063,1.8,653.52,1.1,"gps","Luscinia calliope","51107","51107","Siberian rubythroat tracking from Qinghai, China"
33444753239,true,2022-12-14 22:00:04.000,103.86117,17.97922,1.3,598.29,0.4,"gps","Luscinia calliope","51107","51107","Siberian rubythroat tracking from Qinghai, China"
33444753240,true,2022-12-21 22:00:06.000,102.00353,16.58627,1.2,204.35,1.8,"gps","Luscinia calliope","51107","51107","Siberian rubythroat tracking from Qinghai, China"
33444753241,true,2022-12-28 22:00:05.000,102.00347,16.58642,1.9,206.35,0.9,"gps","Luscinia calliope","51107","51107","Siberian rubythroat tracking from Qinghai, China"
33444753242,true,2023-01-04 22:00:04.000,102.0035,16.58654,1.1,195.45,1.2,"gps","Luscinia calliope","51107","51107","Siberian rubythroat tracking from Qinghai, China"
33444753243,true,2023-01-11 22:00:04.000,102.00392,16.58624,1.8,196.25,1.3,"gps","Luscinia calliope","51107","51107","Siberian rubythroat tracking from Qinghai, China"
33444753244,true,2023-01-18 22:00:04.000,102.00391,16.58682,2.1,203.93,1.1,"gps","Luscinia calliope","51107","51107","Siberian rubythroat tracking from Qinghai, China"
33444753245,true,2022-07-15 22:00:06.000,101.73639,37.03104,1.4,2599.84,0.8,"gps","Luscinia calliope","51110","51110","Siberian rubythroat tracking from Qinghai, China"
33444753246,true,2022-07-30 22:00:11.000,106.93648,35.74838,1.9,1511.5,0.8,"gps","Luscinia calliope","51110","51110","Siberian rubythroat tracking from Qinghai, China"
33444753247,true,2022-08-14 22:00:04.000,106.77291,35.37568,2.6,1628.65,2.3,"gps","Luscinia calliope","51110","51110","Siberian rubythroat tracking from Qinghai, China"
33444753248,true,2022-08-29 22:00:07.000,106.77317,35.37543,2.7,1628.72,0.1,"gps","Luscinia calliope","51110","51110","Siberian rubythroat tracking from Qinghai, China"
33444753249,true,2022-09-13 22:00:04.000,106.76092,35.33514,8.8,1630.39,0.0,"gps","Luscinia calliope","51110","51110","Siberian rubythroat tracking from Qinghai, China"
33444753250,true,2022-10-05 22:00:05.000,106.7728,35.37589,2.1,1620.2,0.7,"gps","Luscinia calliope","51110","51110","Siberian rubythroat tracking from Qinghai, China"
33444753251,true,2022-10-12 22:00:04.000,106.77314,35.37541,1.3,1619.04,1.5,"gps","Luscinia calliope","51110","51110","Siberian rubythroat tracking from Qinghai, China"
33444753252,true,2022-10-19 22:00:04.000,111.91662,32.86784,1.3,95.03,0.9,"gps","Luscinia calliope","51110","51110","Siberian rubythroat tracking from Qinghai, China"
33444753253,true,2022-10-26 22:00:05.000,111.9167,32.86781,1.3,101.8,1.6,"gps","Luscinia calliope","51110","51110","Siberian rubythroat tracking from Qinghai, China"
33444753254,true,2022-11-02 22:00:04.000,110.36175,28.47088,1.6,97.73,0.6,"gps","Luscinia calliope","51110","51110","Siberian rubythroat tracking from Qinghai, China"
33444753255,true,2022-11-09 22:00:07.000,108.28287,27.49808,2.0,810.6,1.3,"gps","Luscinia calliope","51110","51110","Siberian rubythroat tracking from Qinghai, China"
33444753256,true,2022-11-16 22:00:05.000,108.28268,27.4974,1.7,809.19,1.5,"gps","Luscinia calliope","51110","51110","Siberian rubythroat tracking from Qinghai, China"
33444753257,true,2022-11-23 22:00:04.000,108.28177,27.49679,1.1,796.95,2.2,"gps","Luscinia calliope","51110","51110","Siberian rubythroat tracking from Qinghai, China"
33444753258,true,2022-11-30 22:00:04.000,107.48358,23.3283,1.3,113.21,1.3,"gps","Luscinia calliope","51110","51110","Siberian rubythroat tracking from Qinghai, China"
33444753259,true,2022-12-07 22:00:05.000,103.92974,19.23955,2.3,1115.97,1.1,"gps","Luscinia calliope","51110","51110","Siberian rubythroat tracking from Qinghai, China"
33444753260,true,2022-12-14 22:00:06.000,100.21833,16.72161,1.9,16.39,1.4,"gps","Luscinia calliope","51110","51110","Siberian rubythroat tracking from Qinghai, China"
33444753261,true,2022-12-21 22:00:04.000,100.07679,16.07388,1.5,7.47,0.9,"gps","Luscinia calliope","51110","51110","Siberian rubythroat tracking from Qinghai, China"
33444753262,true,2022-12-28 22:00:04.000,100.26809,15.89773,1.5,-1.93,1.1,"gps","Luscinia calliope","51110","51110","Siberian rubythroat tracking from Qinghai, China"
33444753263,true,2023-01-04 22:00:04.000,100.10281,15.89812,1.3,-6.88,1.7,"gps","Luscinia calliope","51110","51110","Siberian rubythroat tracking from Qinghai, China"
33444753264,true,2023-01-11 22:00:04.000,100.10279,15.898,1.0,-13.59,1.5,"gps","Luscinia calliope","51110","51110","Siberian rubythroat tracking from Qinghai, China"
33444753265,true,2023-01-18 22:00:07.000,100.10284,15.89809,1.3,-6.53,1.2,"gps","Luscinia calliope","51110","51110","Siberian rubythroat tracking from Qinghai, China"
